"序号","网址"
1,"http://bbs.cehome.com/thread-614565-1-1.html"
2,"http://bbs.cehome.com/thread-614461-1-1.html"
3,"http://bbs.cehome.com/thread-614439-1-1.html"
4,"http://bbs.cehome.com/thread-614407-1-1.html"
5,"http://bbs.cehome.com/thread-614395-1-1.html"
6,"http://bbs.cehome.com/thread-614393-1-1.html"
7,"http://bbs.cehome.com/thread-614378-1-1.html"
8,"http://bbs.cehome.com/thread-614285-1-1.html"
9,"http://bbs.cehome.com/thread-614281-1-1.html"
10,"http://bbs.cehome.com/thread-614219-1-1.html"
